CountryID,Country and Area,"Forest Area, 1990","Forest Area, 2000","Forest Area, 2010","Forest Area, 2015","Forest Area, 2020","Total Land Area, 2020","Forest Area as a  Proportion of 
Total Land Area, 2020","Deforestation, 
2015-2020","Total Forest Area 
Affected by Fire, 2015",,Forest loss % 1990-2000 (yearly ave.),Forest loss % 2000-2010 (yearly ave.),Forest loss % 2010-2015 (yearly ave.),Forest loss % 2015-2020 (yearly ave.),Forest loss % 1990-2020,Losing forest in the last five years?,Deforestation worsened in the last five years?,Losing forest in the last 30 years?,Deforestation worsened in the last five years?
384,Côte d’Ivoire,7850.86,5094.45,3965.58,3401.15,2836.71,31800,8.92,...,...,,-3.511,-2.216,-2.847,-3.319,-63.868,1,1,1,1
558,Nicaragua,6399.32,5399.32,4188.15,3907.53,3407.53,12034,28.32,105.03,...,,-1.563,-2.243,-1.340,-2.559,-46.752,1,1,1,1
562,Niger,1945,1328.1,1203.9,1141.8,1079.7,126670,0.85,14.92,...,,-3.172,-0.935,-1.032,-1.088,-44.488,1,1,1,1
270,Gambia,414.66,357.33,300,271.34,242.67,1012,23.98,...,...,,-1.383,-1.604,-1.911,-2.113,-41.477,1,1,1,1
600,Paraguay,25545.86,22991.65,19570.21,17498.94,16102.26,39730,40.53,279.34,...,,-1.000,-1.488,-2.117,-1.596,-36.967,1,0,1,0
454,Malawi,3501.7,3081.7,2661.7,2451.7,2241.7,9428,23.78,42,412.61,,-1.199,-1.363,-1.578,-1.713,-35.983,1,1,1,1
148,Chad,6730,6353,5530,4890,4313,125920,3.43,...,...,,-0.560,-1.295,-2.315,-2.360,-35.914,1,1,1,1
666,Saint Pierre and Miquelon,1.9,1.67,1.44,1.33,1.22,23,5.30,...,0,,-1.211,-1.377,-1.528,-1.654,-35.789,1,1,1,1
204,Benin,4835.15,4135.15,3635.15,3385.15,3135.15,11276,27.80,...,...,,-1.448,-1.209,-1.375,-1.477,-35.159,1,1,1,1
800,Uganda,3575.47,3162.95,2750.42,2544.16,2337.9,20052,11.66,51.09,...,,-1.154,-1.304,-1.500,-1.621,-34.613,1,1,1,1
478,Mauritania,476.04,421.64,367.24,340.04,312.8,103070,0.30,45.38,0.47,,-1.143,-1.290,-1.481,-1.602,-34.291,1,1,1,1
500,Montserrat,3.5,2.5,2.5,2.5,2.5,10,25.00,...,...,,-2.857,0.000,0.000,0.000,-28.571,0,0,1,0
174,Comoros,46.06,41.68,37.3,35.11,32.92,186,17.70,...,...,,-0.951,-1.051,-1.174,-1.248,-28.528,1,1,1,1
706,Somalia,8282.5,7515,6747.5,6363.75,5980,62734,9.53,76.75,...,,-0.927,-1.021,-1.137,-1.206,-27.800,1,1,1,1
580,Northern Mariana Islands,33.61,31.96,30.32,29.49,24.36,46,52.96,...,...,,-0.491,-0.513,-0.547,-3.479,-27.522,1,1,1,1
175,Mayotte,19.1,15.67,14.41,14.14,13.89,37,37.54,0.06,...,,-1.796,-0.804,-0.375,-0.354,-27.277,1,0,1,0
104,Myanmar,39218.48,34868.11,31441,29992.44,28543.89,65308,43.71,293.92,1186.9,,-1.109,-0.983,-0.921,-0.966,-27.218,1,1,1,1
116,Cambodia,11004.79,10781,10589.23,8846.82,8068.37,17652,45.71,...,446,,-0.203,-0.178,-3.291,-1.760,-26.683,1,0,1,0
320,Guatemala,4781.2,4209.2,3722.6,3585.8,3527.8,10716,32.92,11.6,9.5,,-1.196,-1.156,-0.735,-0.323,-26.215,1,0,1,0
586,Pakistan,4986.79,4511.26,4093.73,3932.6,3725.9,77088,4.83,...,...,,-0.954,-0.926,-0.787,-1.051,-25.285,1,1,1,1
516,Namibia,8769.17,8059.08,7348.99,6993.95,6638.9,82329,8.06,...,...,,-0.810,-0.881,-0.966,-1.015,-24.293,1,1,1,1
360,Indonesia,118545,101280,99659.2,95027.9,92133.2,187752,49.07,650,...,,-1.456,-0.160,-0.929,-0.609,-22.280,1,0,1,0
729,Sudan,23570.31,21826.16,20081.17,19209.93,18359.55,186665,9.84,264,...,,-0.740,-0.799,-0.868,-0.885,-22.107,1,1,1,1
834,United Republic of Tanzania,57390.01,53670.01,49950.01,48090,45745,88580,51.64,474,587.3,,-0.648,-0.693,-0.745,-0.975,-20.291,1,1,1,1
84,Belize,1600.03,1459.3,1391.39,1332.83,1277.05,2281,55.99,11.16,...,,-0.880,-0.465,-0.842,-0.837,-20.186,1,0,1,0
28,Antigua and Barbuda,10.11,9.45,8.78,8.45,8.12,44,18.45,...,...,,-0.653,-0.709,-0.752,-0.781,-19.683,1,1,1,1
288,Ghana,9924.26,8848.61,7942.93,7880.44,7985.71,22754,35.10,...,...,,-1.084,-1.024,-0.157,0.267,-19.533,0,0,1,0
854,Burkina Faso,7716.6,7216.5,6716.5,6466.4,6216.4,27360,22.72,...,...,,-0.648,-0.693,-0.745,-0.773,-19.441,1,1,1,1
694,Sierra Leone,3126.7,2929.43,2732.16,2633.53,2534.88,7218,35.12,...,...,,-0.631,-0.673,-0.722,-0.749,-18.928,1,1,1,1
72,Botswana,18803.7,17620.7,16437.7,15846.2,15254.7,56673,26.92,...,142.92,,-0.629,-0.671,-0.720,-0.747,-18.874,1,1,1,1
850,United States Virgin Islands,24.54,20.47,18.43,19.16,19.91,35,56.89,...,...,,-1.659,-0.997,0.792,0.783,-18.867,0,0,1,1
32,Argentina,35204,33378,30214,29097,28573,273669,10.44,134.8,128,,-0.519,-0.948,-0.739,-0.360,-18.836,1,0,1,0
222,El Salvador,718.88,673.88,628.88,606.38,583.88,2072,28.18,4.5,...,,-0.626,-0.668,-0.716,-0.742,-18.779,1,1,1,1
566,Nigeria,26526.09,24893.04,23259.98,22443.45,21626.95,91077,23.75,163.31,12,,-0.616,-0.656,-0.702,-0.728,-18.469,1,1,1,1
512,Oman,3,3,3,3,2.5,30950,0.01,...,0,,0.000,0.000,0.000,-3.333,-16.667,1,1,1,1
180,Democratic Republic of the Congo,150629,143899,137169,131662.12,126155.24,226705,55.65,...,...,,-0.447,-0.468,-0.803,-0.837,-16.248,1,1,1,1
24,Angola,79262.78,77708.61,72158,69382.69,66607.38,124670,53.43,...,...,,-0.196,-0.714,-0.769,-0.800,-15.966,1,1,1,1
76,Brazil,588898,551088.6,511580.7,503884.8,496619.6,835814,59.42,1695.7,32998.07,,-0.642,-0.717,-0.301,-0.288,-15.670,1,0,1,0
508,Mozambique,43378,41188,38972.14,37940,36743.76,78638,46.73,267.03,14103.76,,-0.505,-0.538,-0.530,-0.631,-15.294,1,1,1,1
324,Guinea,7276,6929,6569,6389,6189,24572,25.19,...,...,,-0.477,-0.520,-0.548,-0.626,-14.940,1,1,1,1
218,Ecuador,14632.21,13730.5,13028.19,12819.18,12497.83,24836,50.32,87.22,...,,-0.616,-0.511,-0.321,-0.501,-14.587,1,1,1,1
686,Senegal,9303.16,8853.16,8468.16,8268.16,8068.16,19253,41.91,51,...,,-0.484,-0.435,-0.472,-0.484,-13.275,1,1,1,1
646,Rwanda,317,287,265,270,276,2467,11.19,...,...,,-0.946,-0.767,0.377,0.444,-12.934,0,0,1,0
408,Democratic People's Republic of Korea,6912.03,6454.69,6242.39,6136.24,6030.09,12041,50.08,23.19,38.35,,-0.662,-0.329,-0.340,-0.346,-12.759,1,1,1,1
68,Bolivia (Plurinational State of),57804.72,55101.39,53086.01,52027.22,50833.76,108330,46.92,242.54,255.87,,-0.468,-0.366,-0.399,-0.459,-12.059,1,1,1,1
678,Sao Tome and Principe,58.62,58.36,58.1,55,51.9,96,54.06,0.62,...,,-0.044,-0.045,-1.067,-1.127,-11.464,1,1,1,1
231,Ethiopia,19258.5,18528.5,17798.5,17433.5,17068.5,111971.55,15.24,92,...,,-0.379,-0.394,-0.410,-0.419,-11.372,1,1,1,1
624,Guinea-Bissau,2233.33,2148.88,2064.43,2022.21,1980.01,2812,70.41,...,221.55,,-0.378,-0.393,-0.409,-0.417,-11.343,1,1,1,1
768,Togo,1361.66,1268.46,1238.87,1224.07,1209.27,5439,22.23,4.96,...,,-0.684,-0.233,-0.239,-0.242,-11.191,1,1,1,1
862,Venezuela (Bolivarian Republic of),52026,49151,47505,46683,46230.9,88205,52.41,108.29,...,,-0.553,-0.335,-0.346,-0.194,-11.139,1,0,1,0
430,Liberia,8525.24,8222.64,7920.04,7768.74,7617.44,9632,79.08,30.26,...,,-0.355,-0.368,-0.382,-0.390,-10.648,1,1,1,1
144,Sri Lanka,2350.33,2166.42,2103.62,2128.82,2113.02,6271,33.70,...,...,,-0.782,-0.290,0.240,-0.148,-10.097,1,1,1,1
120,Cameroon,22500,21597.49,20900.48,20620.48,20340.48,47271,43.03,58,...,,-0.401,-0.323,-0.268,-0.272,-9.598,1,1,1,1
332,Haiti,382.92,380.65,378.38,362.85,347.3,2756,12.60,...,0.08,,-0.059,-0.060,-0.821,-0.857,-9.302,1,1,1,1
226,Equatorial Guinea,2699.15,2615.58,2532.01,2490.22,2448.42,2805,87.29,8.36,...,,-0.310,-0.320,-0.330,-0.336,-9.289,1,1,1,1
450,Madagascar,13693.45,13030.67,12561.98,12495.89,12429.81,58180,21.36,...,...,,-0.484,-0.360,-0.105,-0.106,-9.228,1,1,1,1
340,Honduras,6987.78,6778.27,6575.47,6463.83,6359.26,11189,56.83,23.19,...,,-0.300,-0.299,-0.340,-0.324,-8.995,1,0,1,0
170,Colombia,64958.14,62735.5,60807.79,60134.66,59141.91,110950,53.31,199.23,...,,-0.342,-0.307,-0.221,-0.330,-8.954,1,1,1,1
591,Panama,4607.4,4442.14,4327.99,4270.91,4213.84,7434,56.68,12.49,2.02,,-0.359,-0.257,-0.264,-0.267,-8.542,1,1,1,1
232,Eritrea,1150.06,1118.46,1086.86,1071.06,1055.26,10100,10.45,...,...,,-0.275,-0.283,-0.291,-0.295,-8.243,1,1,1,1
882,Samoa,176.13,171.31,166.49,164.07,161.67,283,57.13,...,...,,-0.274,-0.281,-0.291,-0.293,-8.210,1,1,1,1
96,Brunei Darussalam,413,397,380,380,380,527,72.11,...,...,,-0.387,-0.428,0.000,0.000,-7.990,0,0,1,0
608,Philippines,7778.81,7309.26,6839.72,7014.15,7188.59,29817,24.11,...,2.97,,-0.604,-0.642,0.510,0.497,-7.588,0,0,1,1
716,Zimbabwe,18826.68,18365.98,17905.28,17674.93,17444.58,38685,45.09,46.07,2830,,-0.245,-0.251,-0.257,-0.261,-7.341,1,1,1,1
458,Malaysia,20618.5,19691.35,18947.65,19464.22,19114.04,32855,58.18,...,0.89,,-0.450,-0.378,0.545,-0.360,-7.297,1,1,1,1
418,Lao People's Democratic Republic,17843,17425,16940.5,16768,16595.5,23080,71.90,...,12.42,,-0.234,-0.278,-0.204,-0.206,-6.992,1,1,1,1
484,Mexico,70591.65,68381.35,66943.31,66330.91,65692.08,194395,33.79,165.82,59.14,,-0.313,-0.210,-0.183,-0.193,-6.941,1,1,1,1
404,Kenya,3858.54,3961.19,3616.34,3522.41,3611.09,56914,6.34,...,3.85,,0.266,-0.871,-0.519,0.504,-6.413,0,0,1,0
710,South Africa,18142.09,17778.09,17414.09,17232.09,17050.09,121309,14.06,199,11.96,,-0.201,-0.205,-0.209,-0.211,-6.019,1,1,1,1
780,Trinidad and Tobago,242.06,236.65,232.41,230.29,228.19,513,44.48,...,1.5,,-0.223,-0.179,-0.182,-0.182,-5.730,1,0,1,0
480,Mauritius,41.07,41.93,38.39,38.3,38.77,203,19.10,0.12,0.08,,0.209,-0.844,-0.047,0.245,-5.600,0,0,1,0
894,Zambia,47412,47054,46696,45755.1,44814.03,74339,60.28,189.71,15077,,-0.076,-0.076,-0.403,-0.411,-5.480,1,1,1,1
604,Peru,76448.54,75297.83,74049.8,73194.53,72330.37,128000,56.51,179.09,22.41,,-0.151,-0.166,-0.231,-0.236,-5.387,1,1,1,1
16,American Samoa,18.07,17.73,17.43,17.28,17.13,20,85.65,...,0,,-0.188,-0.169,-0.172,-0.174,-5.202,1,1,1,1
212,Dominica,50.31,47.87,47.87,47.87,47.87,75,63.83,...,...,,-0.485,0.000,0.000,0.000,-4.850,0,0,1,0
626,Timor-Leste,963.1,949.1,935.1,928.1,921.1,1487,61.94,...,...,,-0.145,-0.148,-0.150,-0.151,-4.361,1,1,1,1
410,Republic of Korea,6551,6476,6387,6337,6287,9744.5,64.52,10,0.42,,-0.114,-0.137,-0.157,-0.158,-4.030,1,1,1,1
140,Central African Republic,23203,22903,22603,22453,22303,62298,35.80,30,...,,-0.129,-0.131,-0.133,-0.134,-3.879,1,1,1,1
136,Cayman Islands,13.13,12.93,12.72,12.72,12.72,24,53.00,0,0,,-0.152,-0.162,0.000,0.000,-3.123,0,0,1,0
620,Portugal,3399,3281,3252,3312,3312,9161,36.15,...,23.5,,-0.347,-0.088,0.369,0.000,-2.560,0,0,1,1
92,British Virgin Islands,3.71,3.67,3.64,3.62,3.62,15,24.13,...,...,,-0.108,-0.082,-0.110,0.000,-2.426,0,0,1,0
662,Saint Lucia,21.27,21.01,20.77,20.77,20.77,61,34.05,...,...,,-0.122,-0.114,0.000,0.000,-2.351,0,0,1,0
50,Bangladesh,1920.33,1920.33,1888.34,1883.4,1883.4,13017,14.47,0,...,,0.000,-0.167,-0.052,0.000,-1.923,0,0,1,0
51,Armenia,334.73,332.64,330.56,329.52,328.47,2847,11.54,...,...,,-0.062,-0.063,-0.063,-0.064,-1.870,1,1,1,1
312,Guadeloupe,73.17,72.27,71.55,72.22,71.92,169,42.56,0.25,0,,-0.123,-0.100,0.187,-0.083,-1.708,1,1,1,1
178,Congo,22315,22195,22075,22015,21946,34150,64.26,13.8,...,,-0.054,-0.054,-0.054,-0.063,-1.654,1,1,1,1
254,French Guiana,8125,8079.44,8036.5,8020,8002.85,8220,97.36,5.78,0,,-0.056,-0.053,-0.041,-0.043,-1.503,1,1,1,1
598,Papua New Guinea,36399.68,36277.97,36178.89,36024.42,35855.76,45286,79.18,33.53,3.92,,-0.033,-0.027,-0.085,-0.094,-1.494,1,1,1,1
496,Mongolia,14352,14263.9,14183.9,14178.33,14172.78,155356,9.12,1.52,45,,-0.061,-0.056,-0.008,-0.008,-1.249,1,0,1,0
740,Suriname,15377.63,15340.87,15299.86,15251.67,15196.29,15600,97.41,11.65,2.5,,-0.024,-0.027,-0.063,-0.073,-1.179,1,1,1,1
328,Guyana,18602.15,18564.22,18519.81,18461.36,18415.34,19685,93.55,9.2,1.13,,-0.020,-0.024,-0.063,-0.050,-1.004,1,0,1,0
70,Bosnia and Herzegovina,2210,2111.65,2102.66,2160.5,2187.91,5120,42.73,...,9.47,,-0.445,-0.043,0.550,0.254,-1.000,0,0,1,1
266,Gabon,23761.62,23700,23649.41,23590,23530.6,25767,91.32,19.25,0,,-0.026,-0.021,-0.050,-0.050,-0.972,1,1,1,1
90,Solomon Islands,2544.91,2537.6,2530.28,2526.62,2522.97,2799,90.14,...,...,,-0.029,-0.029,-0.029,-0.029,-0.862,1,0,1,0
124,Canada,348272.93,347801.97,347322.21,347115.71,346928.1,909351,38.15,37.52,3861.65,,-0.014,-0.014,-0.012,-0.011,-0.386,1,0,1,0
570,Niue,18.93,18.83,18.77,18.82,18.87,26,72.58,...,...,,-0.053,-0.032,0.053,0.053,-0.317,0,0,1,1
752,Sweden,28063,28163,28073,27980,27980,40731,68.69,13.05,0.35,,0.036,-0.032,-0.066,0.000,-0.296,0,0,1,0
392,Japan,24950,24876,24966,24944,24935,36456,68.40,...,0.5,,-0.030,0.036,-0.018,-0.007,-0.060,1,0,1,0
732,Western Sahara,665.1,669.31,665.11,664.7,665.07,26600,2.50,...,...,,0.063,-0.063,-0.012,0.011,-0.005,0,0,1,0
4,Afghanistan,1208.44,1208.44,1208.44,1208.44,1208.44,65286,1.85,...,...,,0.000,0.000,0.000,0.000,0.000,0,0,0,0
20,Andorra,16,16,16,16,16,47,34.04,...,...,,0.000,0.000,0.000,0.000,0.000,0,0,0,0
660,Anguilla,5.5,5.5,5.5,5.5,5.5,9,61.11,...,...,,0.000,0.000,0.000,0.000,0.000,0,0,0,0
533,Aruba,0.42,0.42,0.42,0.42,0.42,18,2.33,0,...,,0.000,0.000,0.000,0.000,0.000,0,0,0,0
44,Bahamas,509.86,509.86,509.86,509.86,509.86,1001,50.94,...,0.28,,0.000,0.000,0.000,0.000,0.000,0,0,0,0
52,Barbados,6.3,6.3,6.3,6.3,6.3,43,14.65,...,...,,0.000,0.000,0.000,0.000,0.000,0,0,0,0
60,Bermuda,1,1,1,1,1,5,20.00,...,...,,0.000,0.000,0.000,0.000,0.000,0,0,0,0
535,"Bonaire, Sint Eustatius and Saba",1.91,1.91,1.91,1.91,1.91,32.2,5.93,...,...,,0.000,0.000,0.000,0.000,0.000,0,0,0,0
531,Curaçao,0.07,0.07,0.07,0.07,0.07,44.4,0.16,...,...,,0.000,0.000,0.000,0.000,0.000,0,0,0,0
234,Faeroe Islands,0.08,0.08,0.08,0.08,0.08,140,0.06,0,...,,0.000,0.000,0.000,0.000,0.000,0,0,0,0
304,Greenland,0.22,0.22,0.22,0.22,0.22,41045,0.00,0,0,,0.000,0.000,0.000,0.000,0.000,0,0,0,0
308,Grenada,17.7,17.7,17.7,17.7,17.7,34,52.06,...,0,,0.000,0.000,0.000,0.000,0.000,0,0,0,0
833,Isle of Man,3.46,3.46,3.46,3.46,3.46,57,6.07,0,...,,0.000,0.000,0.000,0.000,0.000,0,0,0,0
832,Jersey,0.6,0.6,0.6,0.6,0.6,12,5.00,0,...,,0.000,0.000,0.000,0.000,0.000,0,0,0,0
400,Jordan,97.5,97.5,97.5,97.5,97.5,8878,1.10,...,...,,0.000,0.000,0.000,0.000,0.000,0,0,0,0
296,Kiribati,1.18,1.18,1.18,1.18,1.18,81,1.46,...,...,,0.000,0.000,0.000,0.000,0.000,0,0,0,0
426,Lesotho,34.52,34.52,34.52,34.52,34.52,3036,1.14,...,...,,0.000,0.000,0.000,0.000,0.000,0,0,0,0
434,Libya,217,217,217,217,217,175954,0.12,...,...,,0.000,0.000,0.000,0.000,0.000,0,0,0,0
462,Maldives,0.82,0.82,0.82,0.82,0.82,30,2.73,0,0,,0.000,0.000,0.000,0.000,0.000,0,0,0,0
466,Mali,13296,13296,13296,13296,13296,122019,10.90,0,...,,0.000,0.000,0.000,0.000,0.000,0,0,0,0
584,Marshall Islands,9.4,9.4,9.4,9.4,9.4,18,52.22,...,...,,0.000,0.000,0.000,0.000,0.000,0,0,0,0
574,Norfolk Island,0.49,0.49,0.49,0.49,0.49,4,12.25,...,...,,0.000,0.000,0.000,0.000,0.000,0,0,0,0
612,Pitcairn,3.5,3.5,3.5,3.5,3.5,5,70.00,...,...,,0.000,0.000,0.000,0.000,0.000,0,0,0,0
652,Saint Barthélemy,0.17,0.17,0.17,0.17,0.17,2,8.50,...,...,,0.000,0.000,0.000,0.000,0.000,0,0,0,0
654,Saint Helena,2,2,2,2,2,39,5.13,...,...,,0.000,0.000,0.000,0.000,0.000,0,0,0,0
659,Saint Kitts and Nevis,11,11,11,11,11,26,42.31,...,...,,0.000,0.000,0.000,0.000,0.000,0,0,0,0
663,Saint Martin (French Part),1.24,1.24,1.24,1.24,1.24,5,24.80,...,...,,0.000,0.000,0.000,0.000,0.000,0,0,0,0
674,San Marino,1,1,1,1,1,6,16.67,0,...,,0.000,0.000,0.000,0.000,0.000,0,0,0,0
682,Saudi Arabia,977,977,977,977,977,214969,0.45,...,...,,0.000,0.000,0.000,0.000,0.000,0,0,0,0
690,Seychelles,33.7,33.7,33.7,33.7,33.7,46,73.26,...,...,,0.000,0.000,0.000,0.000,0.000,0,0,0,0
534,Sint Maarten (Dutch part),0.37,0.37,0.37,0.37,0.37,3.4,10.88,...,...,,0.000,0.000,0.000,0.000,0.000,0,0,0,0
728,South Sudan,7157,7157,7157,7157,7157,63173,11.33,...,...,,0.000,0.000,0.000,0.000,0.000,0,0,0,0
776,Tonga,8.95,8.95,8.95,8.95,8.95,72,12.43,...,0,,0.000,0.000,0.000,0.000,0.000,0,0,0,0
795,Turkmenistan,4127,4127,4127,4127,4127,46993,8.78,...,...,,0.000,0.000,0.000,0.000,0.000,0,0,0,0
796,Turks and Caicos Islands,10.52,10.52,10.52,10.52,10.52,95,11.07,...,0,,0.000,0.000,0.000,0.000,0.000,0,0,0,0
798,Tuvalu,1,1,1,1,1,3,33.33,...,0,,0.000,0.000,0.000,0.000,0.000,0,0,0,0
548,Vanuatu,442.3,442.3,442.3,442.3,442.3,1219,36.28,...,...,,0.000,0.000,0.000,0.000,0.000,0,0,0,0
887,Yemen,549,549,549,549,549,52797,1.04,...,...,,0.000,0.000,0.000,0.000,0.000,0,0,0,0
8,Albania,788.8,769.3,782.07,789.19,788.9,2740,28.79,...,...,,-0.247,0.166,0.182,-0.007,0.013,1,1,0,0
36,Australia,133882.2,131814.1,129546.1,133094.5,134005.1,768230,17.44,...,14774.38,,-0.154,-0.172,0.548,0.137,0.092,0,0,0,0
578,Norway,12132,12113,12102,12141,12180,30413,40.05,5.82,0.14,,-0.016,-0.009,0.064,0.064,0.396,0,0,0,0
876,Wallis and Futuna Islands,5.8,5.81,5.82,5.83,5.83,14,41.64,...,...,,0.017,0.017,0.034,0.000,0.517,0,0,0,0
643,Russian Federation,808949.9,809268.5,815135.6,814930.46,815311.6,1637687,49.78,0,2748.9,,0.004,0.072,-0.005,0.009,0.786,0,0,0,0
540,New Caledonia,831.13,837.85,839.02,838.52,838.02,1828,45.84,...,...,,0.081,0.014,-0.012,-0.012,0.829,1,1,0,0
276,Germany,11300,11354,11409,11419,11419,34886,32.73,7,0.53,,0.048,0.048,0.018,0.000,1.053,0,0,0,0
108,Burundi,276.48,193.94,193.94,279.64,279.64,2568,10.89,0,47.32,,-2.985,0.000,8.838,0.000,1.143,0,0,0,0
703,Slovakia,1902.48,1901.41,1917.91,1921.75,1925.9,4808,40.06,...,0.35,,-0.006,0.087,0.040,0.043,1.231,0,0,0,0
583,Micronesia (Federated States of),63.58,63.86,64.13,64.27,64.42,70,92.03,...,...,,0.044,0.042,0.044,0.047,1.321,0,0,0,0
56,Belgium,677.4,667.3,689.87,689.3,689.3,3028,22.76,1.5,0,,-0.149,0.338,-0.017,0.000,1.757,0,0,0,0
203,Czechia,2629.42,2637.29,2657.38,2668.39,2677.09,7721,34.67,...,0.34,,0.030,0.076,0.083,0.065,1.813,0,0,0,0
840,United States of America,302450,303536,308720,310095,309795,914742,33.87,...,4097.65,,0.036,0.171,0.089,-0.019,2.429,1,1,0,0
246,Finland,21875.33,22445.64,22242,22409,22409,30391,73.74,...,0.15,,0.261,-0.091,0.150,0.000,2.440,0,0,0,0
268,Georgia,2752.3,2760.6,2822.4,2822.4,2822.4,6949,40.62,0,0.21,,0.030,0.224,0.000,0.000,2.547,0,0,0,0
422,Lebanon,139.7,138.18,137.35,140.33,143.33,1023,14.01,...,0.06,,-0.109,-0.060,0.434,0.428,2.598,0,0,0,0
368,Iraq,804,818,825,825,825,43412.8,1.90,0,...,,0.174,0.086,0.000,0.000,2.612,0,0,0,0
764,Thailand,19361,18998,20073,20061,19873,51089,38.90,37.6,16.58,,-0.187,0.566,-0.012,-0.187,2.644,1,1,0,0
818,Egypt,43.81,59.21,65.64,48.42,44.98,99545,0.05,...,...,,3.515,1.086,-5.247,-1.421,2.671,1,0,0,0
438,Liechtenstein,6.5,6.7,6.7,6.7,6.7,16,41.88,0.21,0,,0.308,0.000,0.000,0.000,3.077,0,0,0,0
40,Austria,3775.67,3838.14,3863.2,3881.19,3899.15,8252,47.25,5.81,0.09,,0.165,0.065,0.093,0.093,3.270,0,0,0,0
442,Luxembourg,85.8,86.7,88.7,88.7,88.7,243,36.50,...,...,,0.105,0.231,0.000,0.000,3.380,0,0,0,0
258,French Polynesia,144.43,148.55,149.46,149.46,149.46,366,40.84,...,...,,0.285,0.061,0.000,0.000,3.483,0,0,0,0
262,Djibouti,5.6,5.6,5.6,5.6,5.8,2318,0.25,0.16,...,,0.000,0.000,0.000,0.714,3.571,0,0,0,0
670,Saint Vincent and the Grenadines,27.54,28.54,28.54,28.54,28.54,39,73.18,...,...,,0.363,0.000,0.000,0.000,3.631,0,0,0,0
762,Tajikistan,408,410,410,421.8,423.8,13879,3.05,...,...,,0.049,0.000,0.576,0.095,3.873,0,0,0,0
705,Slovenia,1188,1233,1247,1248,1237.83,2014,61.46,2.03,0.06,,0.379,0.114,0.016,-0.163,4.194,1,1,0,0
188,Costa Rica,2907.4,2857.22,2871.2,2953.03,3034.87,5106,59.44,0,2,,-0.173,0.049,0.570,0.554,4.384,0,0,0,0
804,Ukraine,9274,9510,9548,9657,9690,57929,16.73,0.1,14.7,,0.254,0.040,0.228,0.068,4.486,0,0,0,0
184,Cook Islands,14.91,15.57,15.59,15.59,15.59,24,64.96,...,...,,0.443,0.013,0.000,0.000,4.561,0,0,0,0
504,Morocco,5485.29,5506.54,5674.57,5684.69,5742.49,44630,12.87,0,0.99,,0.039,0.305,0.036,0.203,4.689,0,0,0,0
191,Croatia,1850,1885,1920,1922,1939.11,5596,34.65,0.05,1.77,,0.189,0.186,0.021,0.178,4.817,0,0,0,0
702,Singapore,14.83,17.01,17.74,16.47,15.57,71,21.93,0.24,...,,1.470,0.429,-1.432,-1.093,4.990,1,0,0,0
524,Nepal,5672,5780.76,5962.03,5962.03,5962.03,14335,41.59,0,...,,0.192,0.314,0.000,0.000,5.113,0,0,0,0
554,New Zealand,9372.27,9850.44,9848.12,9846.61,9892.59,26331,37.57,6.58,1.54,,0.510,-0.002,-0.003,0.093,5.552,0,0,0,0
376,Israel,132,153,154,165,140,2164,6.47,...,2.71,,1.591,0.065,1.429,-3.030,6.061,1,1,0,0
616,Poland,8882,9059,9329,9420,9483,30619,30.97,0.77,5.51,,0.199,0.298,0.195,0.134,6.766,0,0,0,0
528,Netherlands,345.33,359.5,373.48,364.83,369.5,3369,10.97,2.19,0.02,,0.410,0.389,-0.463,0.256,6.999,0,0,0,0
196,Cyprus,161.11,171.61,172.84,172.71,172.53,924,18.67,...,0.03,,0.652,0.072,-0.015,-0.021,7.088,1,1,0,0
428,Latvia,3173,3241,3372.12,3391.44,3410.79,6218,54.85,0.36,0.32,,0.214,0.405,0.115,0.114,7.494,0,0,0,0
748,Eswatini,461.14,473.28,485.43,491.5,497.56,1720,28.93,...,...,,0.263,0.257,0.250,0.247,7.898,0,0,0,0
585,Palau,38.15,39.58,40.56,40.99,41.41,46,90.02,...,...,,0.375,0.248,0.212,0.205,8.545,0,0,0,0
64,Bhutan,2506.72,2606,2705.29,2715.18,2725.08,3812,71.49,0.43,6.2,,0.396,0.381,0.073,0.073,8.711,0,0,0,0
642,Romania,6371,6366,6515,6900.96,6929.05,23008,30.12,0.02,1.67,,-0.008,0.234,1.185,0.081,8.759,0,0,0,0
788,Tunisia,643.98,667.85,687.43,695.08,702.73,15536,4.52,0.57,5.04,,0.371,0.293,0.223,0.220,9.123,0,0,0,0
398,Kazakhstan,3162.24,3156.93,3082.18,3308.46,3454.68,269970,1.28,...,9.6,,-0.017,-0.237,1.468,0.884,9.248,0,0,0,0
474,Martinique,47.84,48.74,50.29,51.29,52.29,106,49.33,0.16,...,,0.188,0.318,0.398,0.390,9.302,0,0,0,0
807,North Macedonia,912,957.55,960.43,994.4,1001.49,2522,39.71,...,3.17,,0.499,0.030,0.707,0.143,9.813,0,0,0,0
756,Switzerland,1153.5,1196.18,1234.72,1251.91,1269.11,3952,32.11,1.34,0.02,,0.370,0.322,0.278,0.275,10.023,0,0,0,0
233,Estonia,2205.9,2238.89,2336.02,2421.01,2438.4,4347,56.09,5.01,0.08,,0.150,0.434,0.728,0.144,10.540,0,0,0,0
275,State of Palestine,9.08,9.08,9.95,10.14,10.14,602,1.68,...,...,,0.000,0.958,0.382,0.000,11.674,0,0,0,0
638,Réunion,87.95,90.97,93.99,96.04,98.44,251,39.22,0,0,,0.343,0.332,0.436,0.500,11.927,0,0,0,0
792,Turkey,19783.48,20148.35,21083.08,21630.3,22220.36,76963,28.87,1.17,3.22,,0.184,0.464,0.519,0.546,12.318,0,0,0,0
112,Belarus,7780,8273,8630,8633.5,8767.6,20297.8,43.19,3.5,13.89,,0.634,0.432,0.008,0.311,12.694,0,0,0,0
356,India,63938,67591,69496,70828,72160,297319,24.27,668.4,3577,,0.571,0.282,0.383,0.376,12.859,0,0,0,0
440,Lithuania,1945,2020,2170,2187,2201,6265,35.13,0.14,0.07,,0.386,0.743,0.157,0.128,13.162,0,0,0,0
348,Hungary,1813.9,1921.17,2046.39,2060.82,2053.01,9053,22.68,3.14,1.6,,0.591,0.652,0.141,-0.076,13.182,1,1,0,0
388,Jamaica,521.28,521,558.45,577.46,596.89,1083,55.11,0.54,...,,-0.005,0.719,0.681,0.673,14.505,0,0,0,0
826,United Kingdom of Great Britain and Northern Ireland,2778,2954,3059,3155,3190,24193,13.19,...,1,,0.634,0.355,0.628,0.222,14.831,0,0,0,0
417,Kyrgyzstan,1136.42,1180.9,1229.68,1251.81,1315.38,19180,6.86,0,0.02,,0.391,0.413,0.360,1.016,15.748,0,0,0,0
316,Guam,24,24,24,25,28,54,51.85,...,...,,0.000,0.000,0.833,2.400,16.667,0,0,0,0
12,Algeria,1667,1579,1918,1956,1949,238174,0.82,5.4,...,,-0.528,2.147,0.396,-0.072,16.917,1,1,0,0
100,Bulgaria,3327,3375,3737,3833,3893,10856,35.86,0,4.3,,0.144,1.073,0.514,0.313,17.012,0,0,0,0
688,Serbia,2313,2460,2713,2719.53,2722.65,8746,31.13,0.04,1.85,,0.636,1.028,0.048,0.023,17.711,0,0,0,0
208,Denmark,531.44,571.6,586.49,624.68,628.44,4199,14.97,0.62,0,,0.756,0.260,1.302,0.120,18.252,0,0,0,0
300,Greece,3298.55,3600.23,3901.8,3901.8,3901.8,12890,30.27,...,...,,0.915,0.838,0.000,0.000,18.288,0,0,0,0
364,Iran (Islamic Republic of),9076.06,9325.66,10691.98,10691.98,10751.87,162876,6.60,...,4.79,,0.275,1.465,0.000,0.112,18.464,0,0,0,0
498,Republic of Moldova,325.4,344.4,374.5,386.4,386.5,3288,11.75,0.34,0.35,,0.584,0.874,0.636,0.005,18.777,0,0,0,0
152,Chile,15246.05,15817.06,16725.26,17596.08,18210.7,74353,24.49,9.4,74.95,,0.375,0.574,1.041,0.699,19.445,0,0,0,0
250,France,14436,15288,16419,16836,17253,54756,31.51,...,6.21,,0.590,0.740,0.508,0.495,19.514,0,0,0,0
31,Azerbaijan,944.74,987.22,1032.49,1077.89,1131.77,8266,13.69,86.36,...,,0.450,0.459,0.879,1.000,19.797,0,0,0,0
242,Fiji,939.69,1006.47,1073.24,1106.62,1140.02,1827,62.40,...,...,,0.711,0.663,0.622,0.604,21.319,0,0,0,0
380,Italy,7589.75,8369.25,9028.04,9297.08,9566.13,29414,32.52,...,25.87,,1.027,0.787,0.596,0.579,26.040,0,0,0,0
784,United Arab Emirates,245,309.43,317.3,317.3,317.3,7102,4.47,...,...,,2.630,0.254,0.000,0.000,29.510,0,0,0,0
470,Malta,0.35,0.35,0.35,0.35,0.46,32,1.44,...,...,,0.000,0.000,0.000,6.286,31.429,0,0,0,0
499,Montenegro,626,626,827,827,827,1345,61.49,12,2.34,,0.000,3.211,0.000,0.000,32.109,0,0,0,0
724,Spain,13904.66,17093.93,18545.34,18551.18,18572.17,49966.1,37.17,3.74,32.88,,2.294,0.849,0.006,0.023,33.568,0,0,0,0
214,Dominican Republic,1594.89,1972.47,2073.12,2103.65,2144.1,4831,44.38,...,11.6,,2.367,0.510,0.295,0.385,34.436,0,0,0,0
156,China,157140.59,177000.55,200610.38,210294.25,219978.18,942470,23.34,133.2,12.94,,1.264,1.334,0.965,0.921,39.988,0,0,0,0
760,Syrian Arab Republic,372.08,432.08,492.08,522.08,522.08,18363,2.84,...,...,,1.613,1.389,1.219,0.000,40.314,0,0,0,0
860,Uzbekistan,2549.37,2961.46,3349.6,3549.4,3689.66,42540,8.67,14.15,0.17,,1.616,1.311,1.193,0.790,44.728,0,0,0,0
630,Puerto Rico,320.33,429.15,491.45,493.88,496.33,887,55.96,...,...,,3.397,1.452,0.099,0.099,54.943,0,0,0,0
704,Viet Nam,9375.96,11784.1,13388.06,14061.86,14643.09,31007,47.23,1.59,...,,2.568,1.361,1.007,0.827,56.177,0,0,0,0
192,Cuba,2058,2435,2932,3184,3242,10402,31.17,0,8.39,,1.832,2.041,1.719,0.364,57.532,0,0,0,0
372,Ireland,461.64,630.36,720.38,754.67,782.02,6889,11.35,0.62,0.18,,3.655,1.428,0.952,0.725,69.400,0,0,0,0
414,Kuwait,3.45,4.85,6.25,6.25,6.25,1782,0.35,0,...,,4.058,2.887,0.000,0.000,81.159,0,0,0,0
831,Guernsey,0.23,0.23,0.42,0.42,0.42,8,5.25,...,...,,0.000,8.261,0.000,0.000,82.609,0,0,0,0
858,Uruguay,798,1369,1731.3,1920,2031,17502,11.60,...,...,,7.155,2.646,2.180,1.156,154.511,0,0,0,0
132,Cabo Verde,15.38,39.72,42.72,44.22,45.72,403,11.34,0.82,0.8,,15.826,0.755,0.702,0.678,197.269,0,0,0,0
352,Iceland,17.07,29.83,44.67,48.16,51.35,10025,0.51,0,0,,7.475,4.975,1.563,1.325,200.820,0,0,0,0
48,Bahrain,0.22,0.37,0.52,0.6,0.7,77,0.91,0,0,,6.818,4.054,3.077,3.333,218.182,0,0,0,0